City_ID,City,Country,Date,Lat,Lng,Max Temp,Humidity,Cloudiness,Wind Speed
0,Punta Arenas,CL,2022-04-04 18:31:50,-53.15,-70.9167,44.62,70,20,29.93
1,Cherskiy,RU,2022-04-04 18:31:54,68.75,161.3,-22.85,99,71,1.86
2,Buraydah,SA,2022-04-04 18:31:54,26.326,43.975,82.85,9,48,9.8
3,Albany,US,2022-04-04 18:30:10,42.6001,-73.9662,50.88,49,99,1.99
4,Hambantota,LK,2022-04-04 18:29:51,6.1241,81.1185,75.54,100,40,4.61
5,New Norfolk,AU,2022-04-04 18:31:54,-42.7826,147.0587,55.65,77,100,1.57
6,Boca Do Acre,BR,2022-04-04 18:31:55,-8.7522,-67.3978,85.71,63,100,1.95
7,Los Llanos De Aridane,ES,2022-04-04 18:31:55,28.6585,-17.9182,60.55,74,40,16.11
8,Saskylakh,RU,2022-04-04 18:31:57,71.9167,114.0833,-6.07,98,100,7.18
9,Luwuk,ID,2022-04-04 18:31:57,-0.9516,122.7875,77.29,85,100,3.18
10,Puerto Ayora,EC,2022-04-04 18:31:57,-0.7393,-90.3518,82.54,89,55,4.0
11,Mataura,NZ,2022-04-04 18:31:58,-46.1927,168.8643,52.27,82,100,3.36
12,Tuktoyaktuk,CA,2022-04-04 18:31:58,69.4541,-133.0374,-16.6,69,75,9.22
13,Launceston,AU,2022-04-04 18:31:06,-41.45,147.1667,56.84,71,40,10.36
14,Deder,ET,2022-04-04 18:31:58,9.3167,41.45,62.98,33,18,3.51
15,San Rafael,AR,2022-04-04 18:31:59,-34.6177,-68.3301,77.11,15,0,12.01
16,San Carlos De Bariloche,AR,2022-04-04 18:30:11,-41.1456,-71.3082,55.15,44,75,23.02
17,Dingle,PH,2022-04-04 18:31:59,10.9995,122.6711,76.55,89,100,6.82
18,Saquarema,BR,2022-04-04 18:31:15,-22.92,-42.5103,86.14,81,8,9.86
19,Ushuaia,AR,2022-04-04 18:27:07,-54.8,-68.3,40.66,65,40,18.41
20,Shklo,UA,2022-04-04 18:32:00,49.9567,23.5441,32.36,63,17,14.03
21,Lagoa,PT,2022-04-04 18:29:21,39.05,-27.9833,59.45,64,100,9.31
22,Laguna,US,2022-04-04 18:32:00,38.421,-121.4238,66.49,56,0,8.05
23,Kiunga,PG,2022-04-04 18:32:00,-6.1219,141.2906,71.46,100,100,2.3
24,Iranshahr,IR,2022-04-04 18:32:01,27.2025,60.6848,84.54,8,0,0.0
25,Khandyga,RU,2022-04-04 18:27:26,62.6667,135.6,-3.71,97,99,2.57
26,Severo-Kurilsk,RU,2022-04-04 18:28:30,50.6789,156.125,33.28,82,10,8.99
27,Sitka,US,2022-04-04 18:28:29,57.0531,-135.33,40.89,75,20,4.61
28,Qaanaaq,GL,2022-04-04 18:32:02,77.484,-69.3632,21.78,75,100,7.67
29,Shimoda,JP,2022-04-04 18:28:47,34.6667,138.95,45.1,81,73,10.56
30,Nelson Bay,AU,2022-04-04 18:32:02,-32.7167,152.15,61.09,93,0,9.01
31,Souillac,MU,2022-04-04 18:27:37,-20.5167,57.5167,79.18,83,75,9.22
32,Saint George,US,2022-04-04 18:23:10,37.1041,-113.5841,71.8,30,0,3.44
33,Yellowknife,CA,2022-04-04 18:32:03,62.456,-114.3525,36.41,61,75,11.5
34,Jamestown,US,2022-04-04 18:32:03,42.097,-79.2353,46.02,50,75,6.91
35,Karratha,AU,2022-04-04 18:32:03,-20.7377,116.8463,82.29,66,0,11.32
36,Kasangulu,CD,2022-04-04 18:32:04,-4.5911,15.1708,74.79,86,70,2.24
37,Nantucket,US,2022-04-04 18:21:38,41.2835,-70.0995,52.02,43,0,12.66
38,Cape Town,ZA,2022-04-04 18:30:45,-33.9258,18.4232,63.88,87,20,10.36
39,Leningradskiy,RU,2022-04-04 18:29:11,69.3833,178.4167,-14.17,99,100,4.56
40,Hobart,AU,2022-04-04 18:28:56,-42.8794,147.3294,56.01,85,100,14.97
41,Pevek,RU,2022-04-04 18:32:04,69.7008,170.3133,-21.46,98,29,3.2
42,Prado,BR,2022-04-04 18:32:05,-17.3411,-39.2208,82.04,67,0,6.78
43,Bambous Virieux,MU,2022-04-04 18:32:05,-20.3428,57.7575,79.21,83,75,9.22
44,Vila Velha,BR,2022-04-04 18:31:47,-20.3297,-40.2925,85.95,73,20,12.66
45,Kapaa,US,2022-04-04 18:27:18,22.0752,-159.319,75.18,71,20,17.27
46,Carnarvon,AU,2022-04-04 18:32:06,-24.8667,113.6333,73.47,88,0,12.66
47,Busselton,AU,2022-04-04 18:33:06,-33.65,115.3333,52.74,81,0,9.24
48,Butaritari,KI,2022-04-04 18:33:06,3.0707,172.7902,81.59,79,34,13.76
49,Alice Springs,AU,2022-04-04 18:28:08,-23.7,133.8833,69.22,32,1,0.0
50,Cidreira,BR,2022-04-04 18:33:07,-30.1811,-50.2056,69.87,90,100,7.25
51,Bull Savanna,JM,2022-04-04 18:33:07,17.8868,-77.5902,83.19,61,8,15.43
52,Longyearbyen,SJ,2022-04-04 18:33:08,78.2186,15.6401,10.24,56,7,23.02
53,Kununurra,AU,2022-04-04 18:33:08,-15.7667,128.7333,69.78,88,5,3.44
54,Constitucion,CL,2022-04-04 18:33:08,-35.3333,-72.4167,65.39,48,0,17.47
55,Acajutla,SV,2022-04-04 18:33:09,13.5928,-89.8275,86.22,60,31,8.46
56,Kodiak,US,2022-04-04 18:30:47,57.79,-152.4072,35.11,55,0,11.5
57,Port Alfred,ZA,2022-04-04 18:33:09,-33.5906,26.891,62.19,86,0,4.0
58,Rikitea,PF,2022-04-04 18:33:09,-23.1203,-134.9692,77.76,63,5,11.5
59,Saldanha,ZA,2022-04-04 18:33:10,-33.0117,17.9442,62.65,83,1,6.8
60,Hilo,US,2022-04-04 18:31:20,19.7297,-155.09,73.26,87,75,9.22
61,East London,ZA,2022-04-04 18:33:10,-33.0153,27.9116,67.14,82,0,13.8
62,Husavik,IS,2022-04-04 18:33:11,66.0449,-17.3389,23.58,88,100,9.57
63,Masvingo,ZW,2022-04-04 18:33:11,-20.0637,30.8277,70.65,64,35,2.53
64,Avarua,CK,2022-04-04 18:33:12,-21.2078,-159.775,77.05,100,40,1.14
65,Kaitangata,NZ,2022-04-04 18:33:12,-46.2817,169.8464,52.21,94,100,4.03
66,Suslovo,RU,2022-04-04 18:33:12,56.2167,88.1167,33.12,95,100,5.01
67,Namatanai,PG,2022-04-04 18:30:15,-3.6667,152.4333,79.61,83,89,7.25
68,Barrow,US,2022-04-04 18:33:13,71.2906,-156.7887,-7.58,77,100,16.11
69,Sars,RU,2022-04-04 18:33:13,56.5502,57.1366,36.99,94,100,16.53
70,Aykhal,RU,2022-04-04 18:33:13,66.0,111.5,-1.77,100,100,4.52
71,Totness,SR,2022-04-04 18:33:14,5.8833,-56.3167,80.51,79,89,12.57
72,Tiarei,PF,2022-04-04 18:33:14,-17.5333,-149.3333,86.02,79,68,16.42
73,Hrubieszow,PL,2022-04-04 18:33:15,50.805,23.8925,34.93,61,52,15.64
74,Bengkulu,ID,2022-04-04 18:33:15,-3.8004,102.2655,75.97,85,28,4.59
75,Kavieng,PG,2022-04-04 18:33:15,-2.5744,150.7967,81.61,79,100,11.21
76,Sur,OM,2022-04-04 18:33:16,22.5667,59.5289,81.48,57,5,12.21
77,Clyde River,CA,2022-04-04 18:33:16,70.4692,-68.5914,16.03,86,75,4.61
78,Atuona,PF,2022-04-04 18:33:17,-9.8,-139.0333,79.34,77,8,22.57
79,Kruisfontein,ZA,2022-04-04 18:33:17,-34.0033,24.7314,63.88,81,0,14.43
80,Thompson,CA,2022-04-04 18:30:25,55.7435,-97.8558,39.36,48,20,9.22
81,Shakawe,BW,2022-04-04 18:33:18,-18.3667,21.85,67.77,87,6,4.9
82,Coihaique,CL,2022-04-04 18:33:18,-45.5752,-72.0662,56.01,67,75,4.61
83,Hofn,IS,2022-04-04 18:33:18,64.2539,-15.2082,30.22,74,100,6.91
84,Nybro,SE,2022-04-04 18:33:19,56.7446,15.9071,41.05,93,100,14.9
85,Martapura,ID,2022-04-04 18:33:19,-3.4167,114.85,73.49,100,72,1.14
86,Narsaq,GL,2022-04-04 18:29:16,60.9167,-46.05,50.22,67,100,2.53
87,Pisco,PE,2022-04-04 18:28:32,-13.7,-76.2167,70.02,73,0,11.5
88,Khatanga,RU,2022-04-04 18:33:20,71.9667,102.5,-30.17,100,30,4.03
89,Victor Harbor,AU,2022-04-04 18:23:23,-35.5667,138.6167,54.37,88,10,4.72
90,Mahebourg,MU,2022-04-04 18:33:20,-20.4081,57.7,79.25,83,75,9.22
91,Komsomolskiy,UZ,2022-04-04 18:33:20,40.4272,71.7189,61.52,51,0,9.22
92,Loncoche,CL,2022-04-04 18:34:21,-39.3667,-72.6333,64.89,46,99,5.37
93,Tuatapere,NZ,2022-04-04 18:34:21,-46.1333,167.6833,56.39,88,100,5.55
94,Aklavik,CA,2022-04-04 18:34:22,68.2191,-135.0107,-10.93,92,100,11.61
95,Beringovskiy,RU,2022-04-04 18:34:22,63.05,179.3167,-7.28,89,100,12.68
96,Lebu,CL,2022-04-04 18:34:23,-37.6167,-73.65,58.46,71,73,18.07
97,Bluff,NZ,2022-04-04 18:34:17,-46.6,168.3333,54.54,81,100,9.19
98,Buala,SB,2022-04-04 18:34:23,-8.145,159.5921,81.25,83,98,11.99
99,Hermanus,ZA,2022-04-04 18:33:44,-34.4187,19.2345,62.8,81,12,14.18
100,Korla,CN,2022-04-04 18:34:24,41.7597,86.1469,59.25,22,0,2.8
101,Hamilton,US,2022-04-04 18:34:24,39.1834,-84.5333,57.25,51,100,12.66
102,Muros,ES,2022-04-04 18:34:24,42.7762,-9.0603,54.68,52,0,18.52
103,Genhe,CN,2022-04-04 18:34:25,50.7833,121.5167,13.6,86,6,4.76
104,Andenes,NO,2022-04-04 18:34:25,69.3143,16.1194,26.58,54,0,8.05
105,Lorengau,PG,2022-04-04 18:34:26,-2.0226,147.2712,82.17,79,100,14.92
106,Barcelos,PT,2022-04-04 18:34:09,41.5388,-8.6151,59.85,42,100,4.81
107,Vaini,TO,2022-04-04 18:34:26,-21.2,-175.2,69.96,100,100,6.91
108,Kalaleh,IR,2022-04-04 18:34:26,37.3807,55.4916,62.2,72,75,18.41
109,Cap Malheureux,MU,2022-04-04 18:30:45,-19.9842,57.6142,79.47,84,100,7.0
110,Nanzhou,CN,2022-04-04 18:34:27,29.3596,112.4024,58.78,71,100,3.65
111,Progreso,MX,2022-04-04 18:34:27,21.2833,-89.6667,95.11,38,0,5.48
112,Boa Vista,BR,2022-04-04 18:33:30,2.8197,-60.6733,89.58,51,75,3.44
113,Mahibadhoo,MV,2022-04-04 18:34:28,3.7833,72.9667,83.48,64,6,1.45
114,Geraldton,AU,2022-04-04 18:31:16,-28.7667,114.6,66.61,82,0,16.11
115,Sokolo,ML,2022-04-04 18:34:28,14.7328,-6.1219,98.42,9,0,5.79
116,Port Elizabeth,ZA,2022-04-04 18:30:19,-33.918,25.5701,66.09,86,0,12.66
117,Nhulunbuy,AU,2022-04-04 18:34:29,-12.2333,136.7667,77.61,88,90,0.0
118,Glowno,PL,2022-04-04 18:34:29,51.9646,19.7157,43.92,65,100,23.35
119,Hasaki,JP,2022-04-04 18:34:29,35.7333,140.8333,46.8,91,100,33.13
120,Port Lincoln,AU,2022-04-04 18:30:41,-34.7333,135.8667,64.02,79,100,10.92
121,Saint-Joseph,RE,2022-04-04 18:34:30,-21.3667,55.6167,75.58,85,99,10.54
122,De Aar,ZA,2022-04-04 18:34:30,-30.6497,24.0123,59.18,35,0,11.41
123,Dikson,RU,2022-04-04 18:34:30,73.5069,80.5464,-1.97,96,90,8.16
124,Vilhena,BR,2022-04-04 18:34:31,-12.7406,-60.1458,82.62,74,75,6.91
125,Copiapo,CL,2022-04-04 18:34:31,-27.3667,-70.3333,84.33,25,0,8.28
126,Shitanjing,CN,2022-04-04 18:34:32,39.2342,106.3439,46.96,20,49,7.16
127,Faanui,PF,2022-04-04 18:34:32,-16.4833,-151.75,82.8,70,31,18.68
128,Necochea,AR,2022-04-04 18:30:06,-38.5473,-58.7368,65.14,41,0,12.26
129,Yichang,CN,2022-04-04 18:34:33,30.7144,111.2847,60.01,78,100,3.53
130,Torbay,CA,2022-04-04 18:33:42,47.6666,-52.7314,48.97,66,40,18.41
131,Fortuna,US,2022-04-04 18:34:33,40.5982,-124.1573,52.66,96,75,12.66
132,Celestun,MX,2022-04-04 18:34:34,20.8667,-90.4,88.47,53,0,9.42
133,Victoria,HK,2022-04-04 18:30:12,22.2855,114.1577,66.38,74,78,13.0
134,Banjar,ID,2022-04-04 18:34:34,-8.19,114.9675,74.98,90,37,5.01
135,Zhengjiatun,CN,2022-04-04 18:34:35,43.5064,123.5064,49.24,55,6,26.49
136,Kampot,KH,2022-04-04 18:35:35,10.6167,104.1833,82.45,74,94,8.99
137,Padang,ID,2022-04-04 18:35:36,-0.9492,100.3543,73.45,78,100,4.72
138,Zanjan,IR,2022-04-04 18:35:36,36.6736,48.4787,57.24,30,7,7.58
139,Hualmay,PE,2022-04-04 18:35:36,-11.0964,-77.6139,74.16,74,29,10.54
140,Marzuq,YE,2022-04-04 18:35:37,14.4,46.4667,70.75,38,1,6.13
141,Tiksi,RU,2022-04-04 18:35:37,71.6872,128.8694,-6.52,100,100,4.38
142,Sonoita,MX,2022-04-04 18:34:42,31.85,-112.8333,74.75,24,0,5.06
143,Snasa,NO,2022-04-04 18:35:38,64.2457,12.3778,27.81,94,16,4.05
144,Calatayud,ES,2022-04-04 18:35:38,41.3535,-1.6432,41.22,56,91,6.89
145,Tromso,NO,2022-04-04 18:34:57,69.6496,18.957,24.82,58,20,5.75
146,Linxia,CN,2022-04-04 18:35:38,35.6003,103.2064,44.55,27,0,3.76
147,Polunochnoye,RU,2022-04-04 18:35:39,60.8697,60.4153,21.2,94,100,3.18
148,Mehamn,NO,2022-04-04 18:35:39,71.0357,27.8492,20.48,75,97,9.06
149,Nikolskoye,RU,2022-04-04 18:35:40,59.7035,30.7861,38.71,72,100,12.53
150,Axim,GH,2022-04-04 18:35:41,4.8699,-2.2405,81.95,81,100,9.51
151,Tasiilaq,GL,2022-04-04 18:35:41,65.6145,-37.6368,24.96,92,97,9.4
152,Northam,GB,2022-04-04 18:35:43,51.0333,-4.2167,53.38,96,100,14.63
153,Angoche,MZ,2022-04-04 18:35:43,-16.2325,39.9086,78.78,70,3,7.61
154,Codrington,AU,2022-04-04 18:35:44,-38.2667,141.9667,51.15,86,100,2.64
155,Bubaque,GW,2022-04-04 18:35:44,11.2833,-15.8333,76.06,73,9,23.29
156,Ostersund,SE,2022-04-04 18:31:43,63.1792,14.6357,27.05,80,20,9.22
157,Talcahuano,CL,2022-04-04 18:35:29,-36.7167,-73.1167,60.6,61,6,14.56
158,Ordzhonikidze,KZ,2022-04-04 18:35:44,52.4411,61.7408,38.53,92,100,8.5
159,Yelizovo,RU,2022-04-04 18:35:45,53.1873,158.3805,23.14,67,0,7.0
160,Nanakuli,US,2022-04-04 18:35:45,21.3906,-158.1547,76.6,64,20,4.61
161,Camacha,PT,2022-04-04 18:34:37,33.0833,-16.3333,54.82,62,40,20.71
162,Ancud,CL,2022-04-04 18:35:46,-41.8697,-73.8203,55.22,86,100,11.1
163,Chuy,UY,2022-04-04 18:35:46,-33.6971,-53.4616,66.6,53,61,12.15
164,Ketchikan,US,2022-04-04 18:31:43,55.3422,-131.6461,43.27,56,0,8.05
165,Naze,JP,2022-04-04 18:35:46,28.3667,129.4833,50.92,55,0,5.19
166,Maun,BW,2022-04-04 18:35:47,-19.9833,23.4167,69.76,100,0,3.44
167,Udachnyy,RU,2022-04-04 18:35:47,66.4167,112.4,0.45,84,100,4.29
168,Berlevag,NO,2022-04-04 18:34:05,70.8578,29.0864,19.2,68,98,10.96
169,Kangaatsiaq,GL,2022-04-04 18:35:48,68.3065,-53.4641,31.35,84,14,5.1
170,Santa Ana,US,2022-04-04 18:35:48,33.7456,-117.8678,68.79,65,75,3.44
171,Tongren,CN,2022-04-04 18:35:48,27.7172,109.1853,56.98,89,100,2.62
172,Awbari,LY,2022-04-04 18:35:49,26.5921,12.7805,84.51,7,0,3.38
173,Pangnirtung,CA,2022-04-04 18:35:48,66.1451,-65.7125,15.8,79,75,10.36
174,Ratnagiri,IN,2022-04-04 18:35:49,16.9833,73.3,80.87,79,85,6.11
175,Ponta Do Sol,PT,2022-04-04 18:35:50,32.6667,-17.1,59.72,66,37,12.55
176,Porto Velho,BR,2022-04-04 18:35:50,-8.7619,-63.9039,89.65,55,40,3.44
177,Mersing,MY,2022-04-04 18:35:50,2.4312,103.8405,76.91,94,38,4.61
178,Madimba,TZ,2022-04-04 18:35:51,-10.4,40.3333,78.53,85,1,2.46
179,Ayorou,NE,2022-04-04 18:35:51,14.7308,0.9174,94.69,7,100,8.5
180,Sao Filipe,CV,2022-04-04 18:33:43,14.8961,-24.4956,71.33,76,0,10.02
181,Yerbogachen,RU,2022-04-04 18:33:47,61.2767,108.0108,-5.67,100,90,3.0
182,Pundaguitan,PH,2022-04-04 18:35:52,6.3711,126.1689,81.79,79,100,10.67
183,Hovd,MN,2022-04-04 18:36:52,48.0056,91.6419,43.74,35,100,4.88
184,Yar-Sale,RU,2022-04-04 18:36:53,66.8333,70.8333,28.65,98,100,8.41
185,Kunfeherto,HU,2022-04-04 18:36:53,46.3609,19.4145,38.26,61,2,7.92
186,Georgetown,MY,2022-04-04 18:36:54,5.4112,100.3354,78.73,93,40,5.99
187,Nauta,PE,2022-04-04 18:36:54,-4.5061,-73.5757,92.23,44,64,1.88
188,Rundu,NA,2022-04-04 18:36:54,-17.9333,19.7667,69.46,82,98,4.47
189,Dongsheng,CN,2022-04-04 18:36:55,39.8161,109.9776,44.92,24,1,11.32
190,Upernavik,GL,2022-04-04 18:33:58,72.7868,-56.1549,28.6,76,100,4.16
191,Guerrero Negro,MX,2022-04-04 18:34:27,27.9769,-114.0611,65.89,56,2,16.58
192,Dhidhdhoo,MV,2022-04-04 18:36:55,6.8833,73.1,82.98,71,94,1.7
193,Cabo San Lucas,MX,2022-04-04 18:32:38,22.8909,-109.9124,77.61,58,0,12.66
194,Praia,CV,2022-04-04 18:36:56,14.9215,-23.5087,77.54,50,20,18.41
195,Ostrovnoy,RU,2022-04-04 18:36:56,68.0531,39.5131,17.82,91,97,9.31
196,Bredasdorp,ZA,2022-04-04 18:34:26,-34.5322,20.0403,63.79,73,7,13.53
197,Copperas Cove,US,2022-04-04 18:36:57,31.1241,-97.9031,72.72,84,100,11.5
198,Hithadhoo,MV,2022-04-04 18:34:25,-0.6,73.0833,83.41,68,49,3.76
199,Sakakah,SA,2022-04-04 18:36:57,29.9697,40.2064,81.97,13,4,10.45
200,Kota Bahru,MY,2022-04-04 18:36:57,6.1333,102.2386,75.15,94,40,5.99
201,Zdanice,CZ,2022-04-04 18:36:58,49.0673,17.0275,42.89,67,92,7.94
202,Jalu,LY,2022-04-04 18:36:58,29.0331,21.5482,86.97,7,0,7.78
203,Arica,CL,2022-04-04 18:34:04,-18.475,-70.3042,80.15,66,17,8.68
204,Logon,PH,2022-04-04 18:36:59,11.3303,124.1146,80.15,85,100,11.45
205,Christchurch,NZ,2022-04-04 18:36:48,-43.5333,172.6333,55.94,90,100,2.3
206,Amboasary,MG,2022-04-04 18:36:59,-25.0333,46.3833,73.27,88,0,7.07
207,Viesca,MX,2022-04-04 18:36:59,25.35,-102.8,88.99,9,3,5.86
208,Saint-Philippe,RE,2022-04-04 18:33:49,-21.3585,55.7679,76.59,86,100,13.71
209,Rafraf,TN,2022-04-04 18:37:00,37.1904,10.1837,57.51,75,93,17.96
210,Oxelosund,SE,2022-04-04 18:37:00,58.6706,17.1015,34.18,100,75,3.44
211,Oranjemund,NA,2022-04-04 18:35:19,-28.55,16.4333,60.37,89,0,1.23
212,Arraial Do Cabo,BR,2022-04-04 18:37:01,-22.9661,-42.0278,85.96,74,0,14.97
213,Kabanjahe,ID,2022-04-04 18:37:01,3.1001,98.4908,63.73,98,100,3.69
214,Provideniya,RU,2022-04-04 18:37:02,64.3833,-173.3,-0.78,78,1,10.71
215,San Patricio,US,2022-04-04 18:37:02,28.017,-97.5169,86.18,53,96,18.48
216,Jaciara,BR,2022-04-04 18:37:02,-15.9653,-54.9683,81.91,70,96,1.66
217,Zaterechnyy,RU,2022-04-04 18:37:03,44.7931,45.2097,46.31,85,49,7.94
218,Srednekolymsk,RU,2022-04-04 18:37:03,67.45,153.6833,-16.44,100,100,2.86
219,Saint-Pierre,RE,2022-04-04 18:37:04,-21.3393,55.4781,76.68,88,100,5.75
220,Ilulissat,GL,2022-04-04 18:37:04,69.2167,-51.1,42.82,36,40,10.36
221,Mount Isa,AU,2022-04-04 18:36:30,-20.7333,139.5,73.17,17,0,9.22
222,Matara,LK,2022-04-04 18:35:39,5.9485,80.5353,77.07,86,78,0.76
223,Ahipara,NZ,2022-04-04 18:37:05,-35.1667,173.1667,63.45,92,84,5.79
224,West Helena,US,2022-04-04 18:37:05,34.5507,-90.6418,76.68,59,98,8.3
225,Chalus,IR,2022-04-04 18:37:06,36.655,51.4204,56.66,82,75,9.22
226,Kahului,US,2022-04-04 18:38:06,20.8947,-156.47,76.84,66,20,11.99
227,Matamoros,MX,2022-04-04 18:38:06,25.5333,-103.25,86.11,13,40,6.91
228,Honningsvag,NO,2022-04-04 18:38:07,70.9821,25.9704,26.35,59,20,9.22
229,Broken Hill,AU,2022-04-04 18:38:07,-31.95,141.4333,56.91,58,0,1.14
230,Severo-Yeniseyskiy,RU,2022-04-04 18:38:08,60.3725,93.0408,21.54,82,100,5.93
231,Wanning,CN,2022-04-04 18:38:08,18.8003,110.3967,67.1,86,81,7.14
232,Grindavik,IS,2022-04-04 18:38:08,63.8424,-22.4338,37.35,100,100,14.97
233,Vadlapudi,IN,2022-04-04 18:38:09,14.3167,79.8,78.26,87,11,9.84
234,Preobrazheniye,RU,2022-04-04 18:38:09,42.9019,133.9064,37.96,85,3,5.23
235,Rincon,US,2022-04-04 18:35:12,32.296,-81.2354,79.86,36,75,13.8
236,Nakasongola,UG,2022-04-04 18:38:10,1.3089,32.4564,74.26,60,100,4.72
237,Olinda,BR,2022-04-04 18:38:10,-8.0089,-34.8553,85.73,62,40,9.22
238,Kaili,ID,2022-04-04 18:38:10,-3.4626,120.2147,66.72,97,100,1.63
239,Naifaru,MV,2022-04-04 18:38:11,5.4444,73.3657,83.46,68,80,2.24
240,Umm Lajj,SA,2022-04-04 18:38:11,25.0213,37.2685,80.06,50,100,5.64
241,Wewak,PG,2022-04-04 18:34:30,-3.5534,143.6268,76.68,94,100,8.5
242,Lompoc,US,2022-04-04 18:34:48,34.6391,-120.4579,73.13,49,0,13.8
243,Klaksvik,FO,2022-04-04 18:38:12,62.2266,-6.589,34.72,64,100,17.81
244,Puerto Del Rosario,ES,2022-04-04 18:38:12,28.5004,-13.8627,65.95,59,40,16.11
245,Korcula,HR,2022-04-04 18:38:12,42.9622,17.1369,52.14,59,52,2.93
246,Roura,GF,2022-04-04 18:38:13,4.7263,-52.3274,81.97,83,75,12.66
247,Svetlogorsk,BY,2022-04-04 18:38:13,52.6333,29.7333,33.01,71,98,8.9
248,Quatre Cocos,MU,2022-04-04 18:38:14,-20.2078,57.7625,79.09,82,100,11.68
249,Imatra,FI,2022-04-04 18:38:14,61.1719,28.7524,32.38,87,100,1.01
250,Paredon,MX,2022-04-04 18:38:15,16.0333,-93.8667,87.24,56,0,11.18
251,General Roca,AR,2022-04-04 18:38:15,-39.0333,-67.5833,76.62,15,5,11.72
252,Nioro,GM,2022-04-04 18:38:16,13.35,-15.75,92.98,18,0,7.2
253,Coahuayana,MX,2022-04-04 18:34:37,18.7333,-103.6833,86.09,42,53,7.7
254,Ous,RU,2022-04-04 18:38:16,60.9058,61.5186,29.03,94,97,3.67
255,Buritis,BR,2022-04-04 18:38:16,-15.6178,-46.4233,90.75,26,0,6.89
256,Beyneu,KZ,2022-04-04 18:38:17,45.3167,55.2,54.7,55,14,22.53
257,Jaguaribe,BR,2022-04-04 18:38:17,-5.8906,-38.6219,85.87,64,90,5.17
258,Northfield,US,2022-04-04 18:38:18,44.4583,-93.1616,42.22,75,100,8.05
259,Puri,IN,2022-04-04 18:38:18,19.8,85.85,81.12,86,18,17.25
260,Kijang,KR,2022-04-04 18:38:18,35.2442,129.2139,44.33,58,84,4.92
261,Gambela,ET,2022-04-04 18:38:19,8.25,34.5833,79.09,64,63,1.66
262,Yenagoa,NG,2022-04-04 18:38:19,4.9247,6.2642,80.1,83,79,5.12
263,Bad Soden-Salmunster,DE,2022-04-04 18:38:19,50.2757,9.3671,42.58,98,100,17.0
264,Ribeira Grande,PT,2022-04-04 18:38:20,38.5167,-28.7,63.0,72,40,4.61
265,Yulara,AU,2022-04-04 18:35:27,-25.2406,130.9889,62.44,27,0,4.61
266,Thinadhoo,MV,2022-04-04 18:38:20,0.5333,72.9333,83.19,66,19,2.59
267,Osa,RU,2022-04-04 18:38:21,57.2829,55.4567,38.79,88,100,19.19
268,Isangel,VU,2022-04-04 18:37:47,-19.55,169.2667,78.98,85,99,6.42
269,Alpena,US,2022-04-04 18:38:21,45.0617,-83.4327,40.1,96,100,11.5
270,Sechura,PE,2022-04-04 18:38:22,-5.5569,-80.8222,81.75,58,52,12.57
271,Warren,US,2022-04-04 18:36:14,39.4334,-84.1666,56.91,52,100,12.66
272,Norman Wells,CA,2022-04-04 18:38:23,65.282,-126.8329,-5.76,65,75,8.05
273,Feuchtwangen,DE,2022-04-04 18:39:24,49.1667,10.3333,43.07,93,100,19.95
274,Flinders,AU,2022-04-04 18:39:24,-34.5833,150.8552,61.05,81,0,1.99
275,Pacific Grove,US,2022-04-04 18:39:24,36.6177,-121.9166,64.24,67,0,8.01
276,Caravelas,BR,2022-04-04 18:39:26,-17.7125,-39.2481,82.87,65,7,6.93
277,Luderitz,NA,2022-04-04 18:39:26,-26.6481,15.1594,60.44,82,0,6.26
278,Vao,NC,2022-04-04 18:39:27,-22.6667,167.4833,79.0,84,100,17.18
279,Vostok,RU,2022-04-04 18:39:27,46.4856,135.8833,30.4,86,89,5.82
280,Barbalha,BR,2022-04-04 18:39:28,-7.3111,-39.3042,87.6,55,75,8.05
281,Agde,FR,2022-04-04 18:39:28,43.3108,3.4758,53.64,47,0,11.5
282,Touros,BR,2022-04-04 18:39:05,-5.1989,-35.4608,83.61,66,21,15.14
283,Amalfi,CO,2022-04-04 18:39:29,6.9102,-75.0776,72.1,74,84,4.41
284,Aliwal North,ZA,2022-04-04 18:39:31,-30.6937,26.7114,60.3,44,0,4.45
285,Puerto Escondido,MX,2022-04-04 18:34:47,15.85,-97.0667,83.23,69,0,9.22
286,Fuzhou,CN,2022-04-04 18:39:31,26.0614,119.3061,55.29,81,0,2.84
287,Svetlyy,RU,2022-04-04 18:39:10,54.675,20.1347,39.25,91,100,34.31
288,San Quintin,MX,2022-04-04 18:38:03,30.4833,-115.95,65.05,70,0,16.02
289,State College,US,2022-04-04 18:37:00,40.7934,-77.86,51.51,45,99,5.01
290,Jacqueville,CI,2022-04-04 18:39:33,5.2052,-4.4146,81.72,85,100,10.76
291,Marsh Harbour,BS,2022-04-04 18:35:34,26.5412,-77.0636,75.29,74,38,11.88
292,Grand Gaube,MU,2022-04-04 18:34:36,-20.0064,57.6608,79.38,84,100,8.01
293,Warrnambool,AU,2022-04-04 18:39:34,-38.3833,142.4833,53.82,76,100,2.57
294,Ishigaki,JP,2022-04-04 18:38:58,24.3448,124.1572,66.33,68,40,12.66
295,Santa Maria,BR,2022-04-04 18:39:35,-29.6842,-53.8069,70.9,94,100,2.3
296,Deputatskiy,RU,2022-04-04 18:39:35,69.3,139.9,-16.22,98,100,1.34
297,Yuci,CN,2022-04-04 18:39:36,37.6803,112.7319,47.95,53,0,4.47
298,Bethel,US,2022-04-04 18:35:05,41.3712,-73.414,55.08,47,75,8.05
299,Chokurdakh,RU,2022-04-04 18:39:36,70.6333,147.9167,-17.7,100,98,8.39
300,Zhangye,CN,2022-04-04 18:39:36,38.9342,100.4517,49.32,20,0,4.03
301,Buy,RU,2022-04-04 18:39:37,58.4786,41.53,20.84,96,24,4.45
302,Nisia Floresta,BR,2022-04-04 18:39:37,-6.0911,-35.2086,88.18,64,9,11.83
303,Harper,LR,2022-04-04 18:39:38,4.375,-7.7169,81.61,81,100,9.33
304,Broome,US,2022-04-04 18:39:38,42.2506,-75.833,45.01,68,100,6.91
305,Airai,TL,2022-04-04 18:39:38,-8.9266,125.4092,58.5,92,69,1.39
306,Carson City,US,2022-04-04 18:39:39,39.1638,-119.7674,62.94,34,0,11.99
307,Coquimbo,CL,2022-04-04 18:39:39,-29.9533,-71.3436,66.45,67,5,7.83
308,Yarmouth,US,2022-04-04 18:39:39,41.7057,-70.2286,55.15,44,0,11.5
309,Denpasar,ID,2022-04-04 18:37:05,-8.65,115.2167,80.26,83,40,4.61
310,Along,IN,2022-04-04 18:39:40,28.1667,94.7667,65.44,98,100,1.36
311,Yatou,CN,2022-04-04 18:39:40,37.15,122.3833,45.07,75,100,13.13
312,Zhigansk,RU,2022-04-04 18:39:41,66.7697,123.3711,-3.21,95,80,14.0
313,Bachaquero,VE,2022-04-04 18:39:41,9.9694,-71.1494,87.44,63,87,6.6
314,Vestmannaeyjar,IS,2022-04-04 18:39:41,63.4427,-20.2734,36.59,87,75,29.93
315,Outjo,NA,2022-04-04 18:39:42,-20.1167,16.15,72.01,48,70,9.15
316,Kurilsk,RU,2022-04-04 18:39:42,45.2333,147.8833,37.06,82,28,7.54
317,Roma,US,2022-04-04 18:40:43,43.2128,-75.4557,45.95,69,100,12.66
318,Abu Samrah,SY,2022-04-04 18:40:43,35.3029,37.1841,61.12,42,42,6.6
319,Vardo,NO,2022-04-04 18:35:56,70.3705,31.1107,28.38,64,75,12.66
320,Yumen,CN,2022-04-04 18:40:43,40.2833,97.2,46.81,20,0,2.55
321,Vieques,PR,2022-04-04 18:40:44,18.425,-65.8329,87.67,65,40,17.27
322,Khasan,RU,2022-04-04 18:40:44,42.4308,130.6434,38.03,93,15,4.74
323,Vila Franca Do Campo,PT,2022-04-04 18:40:45,37.7167,-25.4333,61.21,60,99,4.16
324,Cabedelo,BR,2022-04-04 18:40:45,-6.9811,-34.8339,86.67,66,3,13.15
325,Ust-Maya,RU,2022-04-04 18:40:45,60.4167,134.5333,21.22,96,100,4.99
326,Nagorsk,RU,2022-04-04 18:40:46,59.3172,50.8078,26.24,93,100,8.23
327,Talnakh,RU,2022-04-04 18:40:46,69.4865,88.3972,9.21,90,87,8.25
328,Kharovsk,RU,2022-04-04 18:40:46,59.9642,40.1912,23.02,93,82,4.0
329,Katsuura,JP,2022-04-04 18:40:47,35.1333,140.3,49.91,90,100,26.55
330,Tarbagatay,RU,2022-04-04 18:40:47,51.4803,107.3602,18.48,94,83,2.59
331,Alta Floresta,BR,2022-04-04 18:40:47,-9.8756,-56.0861,89.42,62,40,1.14
332,Camana,PE,2022-04-04 18:40:48,-16.6228,-72.7111,72.7,73,78,8.52
333,Iralaya,HN,2022-04-04 18:40:48,15.0,-83.2333,84.02,64,14,11.18
334,Tabuk,PH,2022-04-04 18:40:48,17.4189,121.4443,70.54,94,95,5.55
335,Berezovyy,RU,2022-04-04 18:40:49,51.6667,135.7,29.57,78,100,1.52
336,Den Helder,NL,2022-04-04 18:40:49,52.9599,4.7593,48.97,94,100,11.99
337,Kaka,TM,2022-04-04 18:40:49,37.3482,59.6143,77.36,15,0,5.37
338,Avera,US,2022-04-04 18:40:50,33.194,-82.5271,75.54,38,76,5.26
339,Herat,AF,2022-04-04 18:40:50,34.5,62.0,70.72,13,0,4.23
340,Aksu,CN,2022-04-04 18:40:51,41.1231,80.2644,60.17,22,2,1.16
341,Mar Del Plata,AR,2022-04-04 18:38:16,-38.0023,-57.5575,71.62,35,0,13.8
342,Wuwei,CN,2022-04-04 18:40:51,37.9281,102.6414,47.8,26,0,2.75
343,Pangody,RU,2022-04-04 18:40:52,65.85,74.4859,32.9,100,100,11.12
344,Eureka,US,2022-04-04 18:38:00,40.8021,-124.1637,52.93,94,100,1.99
345,Deniliquin,AU,2022-04-04 18:40:52,-35.5333,144.9667,55.54,77,7,5.57
346,Sfantu Gheorghe,RO,2022-04-04 18:40:52,45.8667,25.7833,33.26,79,48,5.01
347,Iqaluit,CA,2022-04-04 18:40:53,63.7506,-68.5145,11.93,72,75,23.02
348,Visnes,NO,2022-04-04 18:40:53,59.3556,5.2242,39.25,60,20,32.21
349,Sezemice,CZ,2022-04-04 18:40:53,50.0665,15.8527,42.96,57,0,25.01
350,Castro,BR,2022-04-04 18:37:01,-24.7911,-50.0119,72.03,88,100,7.52
351,Dudinka,RU,2022-04-04 18:40:54,69.4058,86.1778,9.63,81,99,13.11
352,Turayf,SA,2022-04-04 18:40:54,31.6725,38.6637,70.05,16,0,11.5
353,Darhan,MN,2022-04-04 18:37:37,49.4867,105.9228,27.36,49,100,3.49
354,Yishui,CN,2022-04-04 18:40:55,35.7847,118.6281,49.19,68,100,9.1
355,Belgrade,RS,2022-04-04 18:40:55,44.804,20.4651,44.26,59,0,5.75
356,Lillooet,CA,2022-04-04 18:40:55,50.6856,-121.942,48.04,41,74,11.86
357,Manaus,BR,2022-04-04 18:39:53,-3.1019,-60.025,88.3,66,75,4.61
358,Senador Guiomard,BR,2022-04-04 18:40:56,-10.1522,-67.7392,89.35,56,31,2.1
359,Bathsheba,BB,2022-04-04 18:40:56,13.2167,-59.5167,84.81,58,20,17.27
360,Parit Buntar,MY,2022-04-04 18:40:57,5.1267,100.4932,78.78,94,100,3.33
361,Mastung,PK,2022-04-04 18:40:57,29.7994,66.845,63.81,15,1,1.86
362,Canguaretama,BR,2022-04-04 18:40:57,-6.38,-35.1289,83.05,63,6,13.33
363,Zhuhai,CN,2022-04-04 18:40:58,22.2769,113.5678,66.85,82,0,14.97
364,Zelenogorskiy,RU,2022-04-04 18:41:58,55.0333,87.0,31.82,100,100,3.27
365,The Valley,AI,2022-04-04 18:41:58,18.217,-63.0578,84.06,65,20,12.66
366,Kirakira,SB,2022-04-04 18:41:59,-10.4544,161.9205,80.94,85,100,12.84
367,Kingisepp,RU,2022-04-04 18:41:59,59.3733,28.6134,32.83,97,100,12.88
368,Carbondale,US,2022-04-04 18:41:00,37.7273,-89.2168,59.05,73,0,9.22
369,Payson,US,2022-04-04 18:37:07,40.0444,-111.7321,62.46,25,75,11.01
370,Irbeyskoye,RU,2022-04-04 18:42:00,55.6428,95.4522,26.04,87,100,2.42
371,Auki,SB,2022-04-04 18:42:00,-8.7676,160.7034,78.22,88,96,6.8
372,Cayenne,GF,2022-04-04 18:42:00,4.9333,-52.3333,82.09,1,75,12.66
373,Kutum,SD,2022-04-04 18:42:01,14.2,24.6667,82.2,10,8,5.84
374,Soyo,AO,2022-04-04 18:42:01,-6.1349,12.3689,78.94,86,59,8.93
375,Baykit,RU,2022-04-04 18:42:02,61.67,96.37,12.25,95,100,2.28
376,Nanortalik,GL,2022-04-04 18:39:47,60.1432,-45.2371,37.4,77,100,1.72
377,Itaituba,BR,2022-04-04 18:42:02,-4.2761,-55.9836,86.16,74,40,0.0
378,El Silencio,VE,2022-04-04 18:42:02,10.5,-66.9167,83.34,62,40,7.0
379,Los Corrales De Buelna,ES,2022-04-04 18:42:03,43.2636,-4.0726,46.09,60,12,1.99
380,Faya,SA,2022-04-04 18:42:03,18.3851,42.4509,69.91,22,7,6.6
381,Tonstad,NO,2022-04-04 18:42:04,58.6626,6.7169,31.41,73,97,30.06
382,Cravo Norte,CO,2022-04-04 18:42:04,6.3017,-70.2041,93.51,43,93,2.57
383,Ferme-Neuve,CA,2022-04-04 18:42:05,46.7001,-75.4493,40.19,64,99,6.55
384,Kimbe,PG,2022-04-04 18:42:05,-5.5502,150.1429,76.12,94,100,1.12
385,Labuhan,ID,2022-04-04 18:42:05,-6.8844,112.2051,76.39,89,72,6.31
386,Marawi,PH,2022-04-04 18:42:06,7.9986,124.2928,68.47,96,100,1.39
387,Port Shepstone,ZA,2022-04-04 18:42:07,-30.7414,30.455,75.97,82,85,10.11
388,Namibe,AO,2022-04-04 18:42:07,-15.1961,12.1522,69.78,81,73,8.57
389,Marrakesh,MA,2022-04-04 18:42:07,31.6315,-8.0083,55.47,82,75,11.5
390,Salalah,OM,2022-04-04 18:42:08,17.0151,54.0924,80.69,83,0,3.44
391,Egvekinot,RU,2022-04-04 18:42:08,66.3167,-179.1667,-12.68,86,12,18.79
392,Ugoofaaru,MV,2022-04-04 18:42:09,5.6667,73.0,83.59,69,89,2.13
393,Oriximina,BR,2022-04-04 18:42:09,-1.7656,-55.8661,75.22,95,100,2.51
394,Moose Factory,CA,2022-04-04 18:42:09,51.2585,-80.6094,24.8,63,75,10.36
395,Havoysund,NO,2022-04-04 18:42:10,70.9963,24.6622,26.83,72,98,15.77
396,Xai-Xai,MZ,2022-04-04 18:42:10,-25.0519,33.6442,77.16,60,49,7.63
397,Farmington,US,2022-04-04 18:42:11,36.7281,-108.2187,64.78,42,0,4.0
398,Bridlington,GB,2022-04-04 18:42:11,54.0831,-0.1919,54.28,83,100,22.44
399,Serov,RU,2022-04-04 18:42:11,59.6033,60.5787,30.56,95,100,3.0
400,Yar,RU,2022-04-04 18:42:12,58.249,52.1026,27.72,96,100,13.29
401,Hami,CN,2022-04-04 18:39:12,42.8,93.45,57.42,15,0,4.07
402,Raya,IN,2022-04-04 18:42:12,27.5667,77.7833,80.58,6,0,5.59
403,Amuntai,ID,2022-04-04 18:42:12,-2.4177,115.2494,73.17,98,100,1.92
404,Russell,US,2022-04-04 18:42:13,32.3502,-85.1999,78.12,31,0,4.61
405,Lubango,AO,2022-04-04 18:42:13,-14.9172,13.4925,59.43,92,25,3.27
406,Goderich,CA,2022-04-04 18:43:14,43.7501,-81.7165,41.92,65,100,6.91
407,Itapetininga,BR,2022-04-04 18:43:14,-23.5917,-48.0531,81.34,65,35,4.09
408,Shatoy,RU,2022-04-04 18:43:14,42.8714,45.6886,42.37,82,44,5.3
409,Jiangdu,CN,2022-04-04 18:43:15,32.4286,119.5574,54.9,70,100,6.58
410,Henties Bay,NA,2022-04-04 18:43:16,-22.116,14.2845,62.44,76,0,9.15
411,Wynyard,AU,2022-04-04 18:43:17,-41.0,145.7167,54.81,76,100,7.43
412,Macusani,PE,2022-04-04 18:43:17,-14.0833,-70.4333,48.52,59,73,15.75
413,Lagos,NG,2022-04-04 18:39:53,6.5833,3.75,86.32,76,90,6.85
414,Sao Felix Do Xingu,BR,2022-04-04 18:43:18,-6.6447,-51.995,86.18,63,42,2.89
415,Colesberg,ZA,2022-04-04 18:43:18,-30.72,25.0972,59.58,35,0,12.15
416,Devils Lake,US,2022-04-04 18:43:18,48.1128,-98.8651,44.94,71,20,16.11
417,Hanzhong,CN,2022-04-04 18:43:18,33.0728,107.0303,53.1,77,3,2.59
418,Aksarka,RU,2022-04-04 18:43:19,66.5606,67.7975,23.94,98,100,4.09
419,Lakes Entrance,AU,2022-04-04 18:43:19,-37.8811,147.981,49.15,89,38,8.66
420,Kokstad,ZA,2022-04-04 18:43:19,-30.5472,29.4241,57.94,83,10,5.57
421,Port Hardy,CA,2022-04-04 18:42:17,50.6996,-127.4199,41.18,87,100,13.8
422,Pampa,US,2022-04-04 18:42:44,35.5362,-100.9599,64.54,27,100,13.8
423,Malangwa,NP,2022-04-04 18:43:20,26.8568,85.5581,81.52,33,8,9.66
424,Anori,BR,2022-04-04 18:43:20,-3.7728,-61.6442,88.32,60,41,1.66
425,Nome,US,2022-04-04 18:43:21,64.5011,-165.4064,12.27,52,0,19.57
426,Merritt,CA,2022-04-04 18:43:21,50.1123,-120.7942,42.3,58,21,18.7
427,Banda Aceh,ID,2022-04-04 18:43:22,5.5577,95.3222,77.41,77,84,4.12
428,Chipiona,ES,2022-04-04 18:43:22,36.7366,-6.437,53.31,100,20,4.61
429,Medvezhyegorsk,RU,2022-04-04 18:43:23,62.9167,34.4667,27.19,89,100,9.53
430,Port-Cartier,CA,2022-04-04 18:43:23,50.0334,-66.8654,37.62,93,75,7.29
431,Westport,US,2022-04-04 18:43:23,41.1415,-73.3579,56.25,42,20,9.22
432,Raymond,US,2022-04-04 18:43:24,43.9015,-70.4703,55.11,26,95,13.8
433,Bismarck,US,2022-04-04 18:40:24,46.8083,-100.7837,50.65,63,0,14.97
434,Kirkwall,GB,2022-04-04 18:43:24,58.9848,-2.9587,39.25,65,75,14.97
435,Turkistan,KZ,2022-04-04 18:43:25,43.0,68.0,69.57,36,0,8.84
436,Inndyr,NO,2022-04-04 18:43:25,67.0338,14.0276,26.64,73,38,7.76
437,Namtsy,RU,2022-04-04 18:43:25,62.7161,129.6658,4.23,99,86,5.23
438,Atar,MR,2022-04-04 18:43:26,20.5169,-13.0499,80.65,19,0,6.91
439,Mouila,GA,2022-04-04 18:43:26,-1.8685,11.0559,75.56,91,70,0.92
440,Poum,NC,2022-04-04 18:43:27,-20.2333,164.0167,81.3,84,100,25.88
441,San Isidro,PE,2022-04-04 18:43:27,-12.1167,-77.05,71.19,68,41,6.91
442,Ghotki,PK,2022-04-04 18:43:27,28.006,69.3161,86.56,6,100,4.21
443,Rocha,UY,2022-04-04 18:43:28,-34.4833,-54.3333,68.61,28,0,10.94
444,Safranbolu,TR,2022-04-04 18:43:28,41.2508,32.6942,46.31,86,97,2.1
445,Teya,RU,2022-04-04 18:43:29,60.3778,92.6267,22.28,92,100,3.36
446,Chapais,CA,2022-04-04 18:43:29,49.7834,-74.8492,33.58,69,84,6.24
447,Tura,IN,2022-04-04 18:43:29,25.5198,90.2201,72.66,87,3,8.84
448,Taoudenni,ML,2022-04-04 18:43:30,22.6783,-3.9836,90.1,13,0,9.08
449,Fomboni,KM,2022-04-04 18:43:30,-12.28,43.7425,83.1,68,0,4.25
450,Bella Vista,US,2022-04-04 18:43:31,36.4295,-94.2316,59.56,91,100,5.75
451,Gedo,ET,2022-04-04 18:43:31,9.0167,37.45,58.3,61,18,0.76
452,Jardim,BR,2022-04-04 18:43:31,-21.4803,-56.1381,88.86,52,82,1.23
453,Colares,PT,2022-04-04 18:44:32,38.7992,-9.4469,62.29,36,0,15.99
454,Stawell,AU,2022-04-04 18:44:32,-37.05,142.7667,48.2,94,36,6.71
455,Evensk,RU,2022-04-04 18:44:33,61.95,159.2333,4.75,85,51,7.92
456,Richards Bay,ZA,2022-04-04 18:44:33,-28.783,32.0377,75.92,65,100,10.13
457,Bonavista,CA,2022-04-04 18:44:33,48.6499,-53.1147,37.2,78,89,9.86
458,Marienburg,PL,2022-04-04 18:44:34,54.0359,19.0266,39.88,95,100,29.1
459,Noumea,NC,2022-04-04 18:42:34,-22.2763,166.4572,75.18,83,100,8.68
460,Sitio Novo Do Tocantins,BR,2022-04-04 18:44:34,-5.5183,-47.4611,87.73,79,40,8.05
461,Antalaha,MG,2022-04-04 18:44:35,-14.9003,50.2788,76.39,88,100,6.44
462,Sistranda,NO,2022-04-04 18:44:35,63.7256,8.834,30.16,60,100,14.85
463,Bara,NG,2022-04-04 18:44:35,10.3744,10.7288,87.53,13,33,4.09
464,Tautira,PF,2022-04-04 18:44:36,-17.7333,-149.15,81.63,79,87,16.67
465,Botou,CN,2022-04-04 18:44:36,38.0667,116.5667,58.44,65,20,14.12
466,Bayevo,RU,2022-04-04 18:44:37,53.2833,80.7667,36.39,83,99,6.53
467,Te Anau,NZ,2022-04-04 18:44:37,-45.4167,167.7167,55.71,94,100,1.54
468,Adre,TD,2022-04-04 18:44:38,13.4667,22.2,88.65,16,9,7.07
469,Kunri,PK,2022-04-04 18:44:38,25.1785,69.5691,82.89,32,50,13.13
470,Primorsk,UA,2022-04-04 18:44:38,46.7348,36.3443,40.55,60,100,15.39
471,Batsfjord,NO,2022-04-04 18:44:39,70.6345,29.7185,19.18,79,20,8.05
472,Togur,RU,2022-04-04 18:44:39,58.3631,82.8265,34.43,99,100,9.22
473,San Jeronimo,PE,2022-04-04 18:44:39,-11.9472,-75.2829,55.85,73,92,5.93
474,Olga,RU,2022-04-04 18:44:39,43.7444,135.2892,37.33,79,5,6.73
475,Kyaikkami,MM,2022-04-04 18:44:40,16.08,97.5675,81.97,61,100,3.06
476,Monrovia,LR,2022-04-04 18:40:49,6.3005,-10.7969,85.77,77,99,9.75
477,Phalaborwa,ZA,2022-04-04 18:42:40,-23.943,31.1411,79.88,87,96,7.25
478,Fukue,JP,2022-04-04 18:44:40,32.6881,128.8419,55.83,52,77,9.8
479,Bandarbeyla,SO,2022-04-04 18:44:41,9.4942,50.8122,79.36,72,100,4.81
480,Maryborough,AU,2022-04-04 18:44:41,-25.5333,152.7,63.59,96,4,4.27
481,Yerofey Pavlovich,RU,2022-04-04 18:44:42,53.9667,121.9667,11.12,85,100,4.21
482,Bow Island,CA,2022-04-04 18:44:42,49.8668,-111.3684,54.48,40,100,17.27
483,Vestmanna,FO,2022-04-04 18:44:42,62.1564,-7.1664,32.92,64,100,6.91
484,Pervomaysk,UA,2022-04-04 18:44:43,48.0443,30.8507,37.85,43,79,7.11
485,Panaba,MX,2022-04-04 18:44:43,21.2833,-88.2667,97.83,29,0,15.79
486,Port Moresby,PG,2022-04-04 18:44:44,-9.4431,147.1797,75.88,87,88,3.15
487,Bilibino,RU,2022-04-04 18:44:44,68.0546,166.4372,-18.26,88,78,4.99
488,Finschhafen,PG,2022-04-04 18:44:44,-6.6024,147.8681,79.02,79,98,3.18
489,Wichian Buri,TH,2022-04-04 18:44:45,15.6578,101.106,76.96,50,100,3.85
490,Teguise,ES,2022-04-04 18:44:45,29.0605,-13.564,61.02,52,40,14.97
491,Ronneby,SE,2022-04-04 18:44:46,56.21,15.276,41.5,93,75,14.97
492,Alofi,NU,2022-04-04 18:44:46,-19.0595,-169.9187,73.29,94,100,1.14
493,Kingsport,US,2022-04-04 18:44:46,36.5484,-82.5618,70.12,28,40,11.5
494,Ontario,US,2022-04-04 18:41:50,34.0633,-117.6509,81.39,70,40,5.75
495,Saint Anthony,US,2022-04-04 18:44:47,45.0205,-93.218,43.14,78,100,5.75
496,Zverinogolovskoye,RU,2022-04-04 18:44:47,54.4586,64.8542,41.38,92,100,11.59
497,Sobolevo,RU,2022-04-04 18:44:48,54.4299,31.8996,29.44,83,40,11.14
498,Eldama Ravine,KE,2022-04-04 18:44:48,0.0516,35.7308,63.9,54,99,4.23
499,Diu,IN,2022-04-04 18:45:49,20.7141,70.9822,81.23,50,0,14.63
500,Leshukonskoye,RU,2022-04-04 18:45:49,64.8989,45.7622,15.82,95,24,2.06
501,Nouadhibou,MR,2022-04-04 18:45:49,20.931,-17.0347,69.78,78,20,12.66
502,Gasa,PS,2022-04-04 18:42:56,31.5,34.4667,64.89,59,26,10.02
503,Bundaberg,AU,2022-04-04 18:45:50,-24.85,152.35,66.49,96,6,6.91
504,Bayan,CN,2022-04-04 18:45:50,46.0833,127.4,52.56,48,100,26.19
505,Boras,SE,2022-04-04 18:45:51,57.721,12.9401,37.49,94,100,8.86
506,Uyo,NG,2022-04-04 18:45:51,5.0333,7.9266,80.74,77,100,5.39
507,Half Moon Bay,US,2022-04-04 18:42:34,37.4636,-122.4286,68.54,58,75,12.66
508,Meulaboh,ID,2022-04-04 18:45:51,4.1363,96.1285,76.37,86,100,2.86
509,Chuhar Kana,PK,2022-04-04 18:45:52,31.75,73.8,74.84,16,8,3.04
510,Carutapera,BR,2022-04-04 18:44:25,-1.195,-46.02,81.82,78,100,5.17
511,Keti Bandar,PK,2022-04-04 18:45:52,24.1447,67.4497,78.55,64,84,9.82
512,Cozumel,MX,2022-04-04 18:45:53,20.5083,-86.9458,86.95,71,2,14.0
513,Fairbanks,US,2022-04-04 18:45:14,64.8378,-147.7164,13.48,73,100,1.01
514,Kano,NG,2022-04-04 18:45:53,12.0001,8.5167,94.89,21,20,5.75
515,Ust-Kuyga,RU,2022-04-04 18:45:53,70.0167,135.6,-23.21,100,100,2.55
516,Iracoubo,GF,2022-04-04 18:45:54,5.4802,-53.2011,79.95,78,83,13.27
517,Toora-Khem,RU,2022-04-04 18:45:54,52.4675,96.11,34.65,99,100,1.72
518,Yakeshi,CN,2022-04-04 18:45:54,49.2833,120.7333,16.03,78,84,7.05
519,Tupik,RU,2022-04-04 18:45:55,54.4253,119.9327,7.47,96,100,3.29
520,Srandakan,ID,2022-04-04 18:45:55,-7.9386,110.2506,75.63,90,73,3.49
521,Lavrentiya,RU,2022-04-04 18:45:55,65.5833,-171.0,-7.74,91,44,11.14
522,Ulladulla,AU,2022-04-04 18:45:56,-35.35,150.4667,59.9,80,55,3.53
523,Mundi,IN,2022-04-04 18:45:56,22.0667,76.5,88.48,13,0,2.84
524,Soe,ID,2022-04-04 18:45:57,-9.8607,124.284,63.19,95,10,3.33
525,Mount Gambier,AU,2022-04-04 18:45:37,-37.8333,140.7667,42.71,100,100,0.0
526,Braniewo,PL,2022-04-04 18:45:57,54.3797,19.8196,36.14,93,100,35.48
527,Bandiagara,ML,2022-04-04 18:45:57,14.3501,-3.6104,92.34,7,100,5.7
528,San Cristobal,VE,2022-04-04 18:42:58,7.7669,-72.225,80.78,48,100,8.52
529,Erzin,TR,2022-04-04 18:45:58,36.9559,36.2,58.24,75,26,1.36
530,Tubuala,PA,2022-04-04 18:45:58,9.5167,-79.0333,80.96,78,100,5.86
531,Middelburg,ZA,2022-04-04 18:45:59,-25.7751,29.4648,57.43,92,99,2.98
532,Orange Park,US,2022-04-04 18:45:59,30.1661,-81.7065,84.09,45,20,9.22
533,Charters Towers,AU,2022-04-04 18:46:00,-20.1,146.2667,71.29,94,12,7.05
534,Mamallapuram,IN,2022-04-04 18:46:00,12.6264,80.1722,84.25,80,7,10.63
535,Ust-Omchug,RU,2022-04-04 18:46:00,61.15,149.6333,-13.94,100,97,5.28
536,Mana,GF,2022-04-04 18:46:01,5.6592,-53.7767,80.2,78,70,12.59
537,Cockburn Town,TC,2022-04-04 18:42:16,21.4612,-71.1419,82.36,69,75,16.11
538,Waipawa,NZ,2022-04-04 18:46:01,-41.4122,175.5153,53.38,90,87,6.82
539,Snezhnogorsk,RU,2022-04-04 18:46:02,69.1933,33.2531,15.58,95,64,5.75
540,Raudeberg,NO,2022-04-04 18:46:02,61.9875,5.1352,32.95,74,100,22.01
541,Mitu,CO,2022-04-04 18:46:02,1.1983,-70.1733,85.46,70,85,1.92
542,Esperance,AU,2022-04-04 18:41:26,-33.8667,121.9,58.84,76,76,15.46
543,Sungaipenuh,ID,2022-04-04 18:46:03,-2.0833,101.3833,63.39,95,57,1.66
544,Erenhot,CN,2022-04-04 18:46:03,43.6475,111.9767,38.44,40,0,13.78
545,Port Augusta,AU,2022-04-04 18:46:04,-32.5,137.7667,61.21,38,0,3.58
546,Sibinal,GT,2022-04-04 18:47:04,15.1333,-92.05,63.01,56,68,7.45
547,Amahai,ID,2022-04-04 18:47:04,-3.3333,128.9167,76.77,83,100,3.0
548,Juba,SS,2022-04-04 18:45:12,4.8517,31.5825,85.1,38,4,3.56
549,Kendari,ID,2022-04-04 18:47:05,-3.945,122.4989,74.91,93,99,2.39
550,Praia Da Vitoria,PT,2022-04-04 18:47:05,38.7333,-27.0667,62.85,67,40,6.58
551,Palmeira,BR,2022-04-04 18:47:06,-25.4294,-50.0064,69.98,93,100,7.45
552,Sao Joao Da Barra,BR,2022-04-04 18:47:06,-21.6403,-41.0511,84.29,75,17,11.36
553,Dwarka,IN,2022-04-04 18:47:07,22.2394,68.9678,79.18,73,5,11.95
554,Matay,EG,2022-04-04 18:47:07,28.419,30.7792,79.29,12,0,10.18
555,Teahupoo,PF,2022-04-04 18:47:08,-17.8333,-149.2667,80.56,80,90,17.25
556,Kaseda,JP,2022-04-04 18:47:08,31.4167,130.3167,52.99,59,5,4.54
557,Gualeguay,AR,2022-04-04 18:47:08,-33.1416,-59.3097,74.17,18,0,3.98
558,Chibombo,ZM,2022-04-04 18:47:09,-14.6569,28.0706,66.51,89,87,1.88
559,Hinton,CA,2022-04-04 18:47:09,53.4001,-117.5857,42.44,65,100,2.19
560,Rajbiraj,NP,2022-04-04 18:47:10,26.5333,86.75,77.58,72,0,9.01
561,Iquique,CL,2022-04-04 18:47:10,-20.2208,-70.1431,70.59,71,20,7.56
562,Torrington,US,2022-04-04 18:43:51,41.8007,-73.1212,54.43,46,94,5.99
563,Pokhara,NP,2022-04-04 18:47:11,28.2333,83.9833,72.25,44,2,6.51
564,San Policarpo,PH,2022-04-04 18:47:11,12.1791,125.5072,80.47,87,99,15.32
565,Ahuimanu,US,2022-04-04 18:47:11,21.4447,-157.8378,76.35,67,20,16.11
566,Waingapu,ID,2022-04-04 18:47:12,-9.6567,120.2641,77.43,81,12,4.54
567,Solnechnyy,RU,2022-04-04 18:47:12,50.7214,136.6319,29.55,87,100,2.44
568,Big Spring,US,2022-04-04 18:46:46,32.2504,-101.4787,65.1,58,100,4.0
